,player,runs,boundaries,balls_faced,wickets,balls_bowled,runs_conceded,matches,batting_avg,batting_strike_rate,boundaries_percent,bowling_economy,bowling_avg,bowling_strike_rate,catches,stumpings
0,A Ashish Reddy,280,31,196,18.0,270.0,400.0,28,10.0,142.86,15.82,8.89,22.22,15.0,8.0,0.0
1,A Badoni,161,18,139,2.0,12.0,12.0,11,14.64,115.83,12.95,6.0,6.0,6.0,8.0,0.0
2,A Chandila,4,0,7,11.0,234.0,245.0,12,0.33,57.14,0.0,6.28,22.27,21.27,2.0,0.0
3,A Chopra,53,7,75,0.0,0.0,0.0,6,8.83,70.67,9.33,0.0,0.0,0.0,2.0,0.0
4,A Choudhary,25,2,20,5.0,108.0,144.0,5,5.0,125.0,10.0,8.0,28.8,21.6,0.0,0.0
5,A Dananjaya,4,0,5,0.0,25.0,47.0,1,4.0,80.0,0.0,11.28,470000.0,250000.0,0.0,0.0
6,A Flintoff,62,7,57,2.0,66.0,106.0,3,20.67,108.77,12.28,9.64,53.0,33.0,3.0,0.0
7,A Kumble,35,3,49,45.0,983.0,1089.0,42,0.83,71.43,6.12,6.65,24.2,21.84,9.0,0.0
8,A Manohar,108,17,79,0.0,0.0,0.0,7,15.43,136.71,21.52,0.0,0.0,0.0,4.0,0.0
9,A Mishra,362,34,410,166.0,3317.0,4022.0,154,2.35,88.29,8.29,7.28,24.23,19.98,18.0,0.0
10,A Mithun,34,5,26,7.0,312.0,477.0,16,2.12,130.77,19.23,9.17,68.14,44.57,7.0,0.0
11,A Mukund,19,1,23,0.0,0.0,0.0,2,9.5,82.61,4.35,0.0,0.0,0.0,3.0,0.0
12,A Nehra,41,4,63,106.0,1974.0,2537.0,88,0.47,65.08,6.35,7.71,23.93,18.62,17.0,0.0
13,A Nortje,8,0,13,43.0,706.0,946.0,30,0.27,61.54,0.0,8.04,22.0,16.42,7.0,0.0
14,A Singh,2,0,10,28.0,486.0,639.0,23,0.09,20.0,0.0,7.89,22.82,17.36,1.0,0.0
15,A Symonds,974,115,781,20.0,540.0,694.0,36,27.06,124.71,14.72,7.71,34.7,27.0,20.0,0.0
16,A Tomar,4,1,8,0.0,0.0,0.0,1,4.0,50.0,12.5,0.0,0.0,0.0,0.0,0.0
17,A Uniyal,4,0,7,2.0,38.0,67.0,2,2.0,57.14,0.0,10.58,33.5,19.0,0.0,0.0
18,A Zampa,5,1,8,21.0,292.0,373.0,14,0.36,62.5,12.5,7.66,17.76,13.9,1.0,0.0
19,AA Bilakhia,69,5,88,0.0,0.0,0.0,7,9.86,78.41,5.68,0.0,0.0,0.0,1.0,0.0
20,AA Chavan,12,2,11,8.0,255.0,339.0,13,0.92,109.09,18.18,7.98,42.37,31.87,3.0,0.0
21,AA Jhunjhunwala,217,24,218,1.0,88.0,130.0,18,12.06,99.54,11.01,8.86,129.99,87.99,10.0,0.0
22,AA Noffke,9,1,12,1.0,25.0,41.0,1,9.0,75.0,8.33,9.84,41.0,25.0,0.0,0.0
23,AB Agarkar,179,18,160,29.0,820.0,1174.0,42,4.26,111.87,11.25,8.59,40.48,28.28,4.0,0.0
24,AB Barath,42,6,43,0.0,0.0,0.0,3,14.0,97.67,13.95,0.0,0.0,0.0,0.0,0.0
25,AB Dinda,26,2,50,69.0,1589.0,2103.0,76,0.34,52.0,4.0,7.94,30.48,23.03,7.0,0.0
26,AB McDonald,123,13,103,11.0,188.0,263.0,10,12.3,119.42,12.62,8.39,23.91,17.09,0.0,0.0
27,AB de Villiers,5181,667,3487,0.0,0.0,0.0,170,30.48,148.58,19.13,0.0,0.0,0.0,120.0,8.0
28,AC Blizzard,120,23,91,0.0,0.0,0.0,7,17.14,131.87,25.27,0.0,0.0,0.0,4.0,0.0
29,AC Gilchrist,2069,331,1555,1.0,1.0,0.0,80,25.86,133.05,21.29,0.0,0.0,1.0,51.0,16.0
30,AC Thomas,20,2,19,14.0,327.0,416.0,15,1.33,105.26,10.53,7.63,29.71,23.36,3.0,0.0
31,AC Voges,181,18,143,0.0,56.0,76.0,8,22.62,126.57,12.59,8.14,760000.0,560000.0,1.0,0.0
32,AD Hales,148,19,119,0.0,0.0,0.0,6,24.67,124.37,15.97,0.0,0.0,0.0,2.0,0.0
33,AD Mascarenhas,79,6,79,19.0,310.0,365.0,13,6.08,100.0,7.59,7.06,19.21,16.32,2.0,0.0
34,AD Mathews,724,73,599,27.0,807.0,1095.0,46,15.74,120.87,12.19,8.14,40.56,29.89,19.0,0.0
35,AD Nath,90,9,99,0.0,0.0,0.0,10,9.0,90.91,9.09,0.0,0.0,0.0,2.0,0.0
36,AD Russell,2039,313,1212,89.0,1484.0,2214.0,95,21.46,168.23,25.83,8.95,24.88,16.67,23.0,0.0
37,AF Milne,23,1,31,7.0,217.0,339.0,10,2.3,74.19,3.23,9.37,48.43,31.0,7.0,0.0
38,AG Murtaza,10,1,14,9.0,269.0,322.0,12,0.83,71.43,7.14,7.18,35.78,29.89,3.0,0.0
39,AG Paunikar,49,9,61,0.0,0.0,0.0,5,9.8,80.33,14.75,0.0,0.0,0.0,1.0,0.0
40,AJ Finch,2092,292,1696,1.0,44.0,67.0,90,23.24,123.35,17.22,9.14,66.99,44.0,29.0,0.0
41,AJ Turner,3,0,11,0.0,0.0,0.0,4,0.75,27.27,0.0,0.0,0.0,0.0,0.0,0.0
42,AJ Tye,91,11,79,42.0,714.0,1005.0,30,3.03,115.19,13.92,8.45,23.93,17.0,7.0,0.0
43,AK Markram,527,60,400,1.0,61.0,87.0,19,27.74,131.75,15.0,8.56,86.99,60.99,9.0,0.0
44,AL Menaria,401,42,367,3.0,113.0,144.0,25,16.04,109.26,11.44,7.65,48.0,37.67,4.0,0.0
45,AM Nayar,672,75,588,9.0,239.0,323.0,51,13.18,114.29,12.76,8.11,35.89,26.56,13.0,0.0
46,AM Rahane,4074,511,3465,1.0,6.0,5.0,148,27.53,117.58,14.75,5.0,5.0,6.0,63.0,0.0
47,AN Ahmed,36,5,27,12.0,362.0,515.0,17,2.12,133.33,18.52,8.54,42.92,30.17,2.0,0.0
48,AN Ghosh,7,1,8,0.0,0.0,0.0,2,3.5,87.5,12.5,0.0,0.0,0.0,1.0,0.0
49,AP Dole,34,4,23,5.0,73.0,114.0,3,11.33,147.83,17.39,9.37,22.8,14.6,2.0,0.0
50,AP Majumdar,87,9,77,0.0,0.0,0.0,4,21.75,112.99,11.69,0.0,0.0,0.0,0.0,0.0
51,AP Tare,339,51,285,0.0,0.0,0.0,27,12.56,118.95,17.89,0.0,0.0,0.0,3.0,6.0
52,AR Bawne,12,1,12,0.0,0.0,0.0,1,12.0,100.0,8.33,0.0,0.0,0.0,0.0,0.0
53,AR Patel,1135,121,919,101.0,2599.0,3140.0,122,9.3,123.5,13.17,7.25,31.09,25.73,51.0,0.0
54,AS Joseph,20,2,20,13.0,240.0,358.0,12,1.67,100.0,10.0,8.95,27.54,18.46,1.0,0.0
55,AS Rajpoot,26,3,41,24.0,567.0,844.0,29,0.9,63.41,7.32,8.93,35.17,23.62,3.0,0.0
56,AS Raut,194,20,172,0.0,30.0,45.0,17,11.41,112.79,11.63,9.0,450000.0,300000.0,10.0,0.0
57,AS Roy,0,0,2,2.0,57.0,66.0,3,0.0,0.0,0.0,6.95,33.0,28.5,5.0,0.0
58,AS Yadav,49,7,40,0.0,0.0,0.0,6,8.17,122.5,17.5,0.0,0.0,0.0,1.0,0.0
59,AT Carey,32,1,29,0.0,0.0,0.0,3,10.67,110.34,3.45,0.0,0.0,0.0,2.0,0.0
60,AT Rayudu,4190,513,3375,0.0,0.0,0.0,173,24.22,124.15,15.2,0.0,0.0,0.0,62.0,2.0
61,AUK Pathan,39,7,26,0.0,41.0,63.0,7,5.57,150.0,26.92,9.22,630000.0,410000.0,2.0,0.0
62,Abdul Samad,228,26,164,2.0,55.0,113.0,19,12.0,139.02,15.85,12.33,56.5,27.5,14.0,0.0
63,Abdur Razzak,0,0,2,0.0,14.0,29.0,1,0.0,0.0,0.0,12.43,290000.0,140000.0,0.0,0.0
64,Abhishek Sharma,667,89,511,7.0,161.0,218.0,36,18.53,130.53,17.42,8.12,31.14,23.0,6.0,0.0
65,Akash Deep,0,0,2,5.0,119.0,206.0,5,0.0,0.0,0.0,10.39,41.2,23.8,1.0,0.0
66,Aman Hakim Khan,5,1,3,0.0,6.0,13.0,1,5.0,166.67,33.33,13.0,130000.0,60000.0,0.0,0.0
67,Anirudh Singh,63,7,69,0.0,0.0,0.0,4,15.75,91.3,10.14,0.0,0.0,0.0,3.0,0.0
68,Ankit Sharma,87,11,69,12.0,375.0,453.0,21,4.14,126.09,15.94,7.25,37.75,31.25,4.0,0.0
69,Ankit Soni,7,1,9,2.0,112.0,145.0,6,1.17,77.78,11.11,7.77,72.5,56.0,1.0,0.0
70,Anmolpreet Singh,29,4,27,0.0,0.0,0.0,3,9.67,107.41,14.81,0.0,0.0,0.0,1.0,0.0
71,Anuj Rawat,129,17,124,0.0,0.0,0.0,9,14.33,104.03,13.71,0.0,0.0,0.0,10.0,0.0
72,Anureet Singh,36,3,47,18.0,430.0,636.0,22,1.64,76.6,6.38,8.87,35.33,23.89,5.0,0.0
73,Arshdeep Singh,23,3,36,40.0,803.0,1086.0,37,0.62,63.89,8.33,8.11,27.15,20.07,6.0,0.0
74,Avesh Khan,31,5,19,47.0,868.0,1190.0,38,0.82,163.16,26.32,8.23,25.32,18.47,6.0,0.0
75,Azhar Mahmood,388,52,311,29.0,552.0,707.0,23,16.87,124.76,16.72,7.68,24.38,19.03,7.0,0.0
76,B Akhil,76,10,57,6.0,193.0,246.0,15,5.07,133.33,17.54,7.65,41.0,32.17,3.0,0.0
77,B Chipli,280,35,256,0.0,6.0,20.0,21,13.33,109.38,13.67,20.0,200000.0,60000.0,4.0,0.0
78,B Indrajith,21,2,31,0.0,0.0,0.0,3,7.0,67.74,6.45,0.0,0.0,0.0,1.0,0.0
79,B Kumar,241,26,259,154.0,3384.0,4064.0,146,1.65,93.05,10.04,7.21,26.39,21.97,24.0,0.0
80,B Laughlin,5,0,13,10.0,179.0,284.0,9,0.56,38.46,0.0,9.52,28.4,17.9,1.0,0.0
81,B Lee,124,16,102,25.0,916.0,1126.0,38,3.26,121.57,15.69,7.38,45.04,36.64,8.0,0.0
82,B Sai Sudharsan,145,17,118,0.0,0.0,0.0,5,29.0,122.88,14.41,0.0,0.0,0.0,1.0,0.0
83,B Stanlake,5,1,2,7.0,150.0,200.0,6,0.83,250.0,50.0,8.0,28.57,21.43,1.0,0.0
84,B Sumanth,35,3,38,0.0,0.0,0.0,4,8.75,92.11,7.89,0.0,0.0,0.0,4.0,0.0
85,BA Bhatt,6,1,7,12.0,303.0,408.0,15,0.4,85.71,14.29,8.08,34.0,25.25,0.0,0.0
86,BA Stokes,920,111,703,28.0,717.0,1005.0,43,21.4,130.87,15.79,8.41,35.89,25.61,21.0,0.0
87,BAW Mendis,3,0,6,8.0,248.0,306.0,10,0.3,50.0,0.0,7.4,38.25,31.0,1.0,0.0
88,BB McCullum,2882,423,2272,0.0,0.0,0.0,109,26.44,126.85,18.62,0.0,0.0,0.0,38.0,6.0
89,BB Samantray,125,15,116,0.0,0.0,0.0,8,15.62,107.76,12.93,0.0,0.0,0.0,3.0,0.0
90,BB Sran,10,0,14,18.0,516.0,767.0,24,0.42,71.43,0.0,8.92,42.61,28.67,4.0,0.0
91,BCJ Cutting,238,34,146,10.0,288.0,430.0,21,11.33,163.01,23.29,8.96,43.0,28.8,10.0,0.0
92,BE Hendricks,1,0,3,9.0,157.0,239.0,7,0.14,33.33,0.0,9.13,26.56,17.44,3.0,0.0
93,BJ Haddin,18,3,11,0.0,0.0,0.0,1,18.0,163.64,27.27,0.0,0.0,0.0,0.0,0.0
94,BJ Hodge,1400,165,1153,17.0,238.0,310.0,63,22.22,121.42,14.31,7.82,18.24,14.0,22.0,0.0
95,BJ Rohrer,193,26,146,0.0,7.0,12.0,8,24.12,132.19,17.81,10.29,120000.0,70000.0,3.0,0.0
96,BMAJ Mendis,23,0,27,1.0,30.0,36.0,3,7.67,85.19,0.0,7.2,36.0,30.0,2.0,0.0
97,BR Dunk,40,7,36,0.0,0.0,0.0,3,13.33,111.11,19.44,0.0,0.0,0.0,4.0,0.0
98,Basil Thampi,32,2,37,22.0,539.0,862.0,25,1.28,86.49,5.41,9.6,39.18,24.5,4.0,0.0
99,Bipul Sharma,187,20,124,17.0,436.0,581.0,29,6.45,150.81,16.13,8.0,34.18,25.65,7.0,0.0
100,C Madan,15,3,21,0.0,0.0,0.0,1,15.0,71.43,14.29,0.0,0.0,0.0,0.0,0.0
101,C Munro,177,27,144,0.0,12.0,15.0,12,14.75,122.92,18.75,7.5,150000.0,120000.0,4.0,0.0
102,C Nanda,0,0,1,2.0,50.0,58.0,3,0.0,0.0,0.0,6.96,29.0,25.0,0.0,0.0
103,C Sakariya,16,2,25,17.0,405.0,521.0,17,0.94,64.0,8.0,7.72,30.65,23.82,6.0,0.0
104,C de Grandhomme,303,36,229,6.0,230.0,323.0,25,12.12,132.31,15.72,8.43,53.83,38.33,6.0,0.0
105,CA Ingram,205,27,183,0.0,0.0,0.0,15,13.67,112.02,14.75,0.0,0.0,0.0,1.0,0.0
106,CA Lynn,1329,198,974,0.0,0.0,0.0,42,31.64,136.45,20.33,0.0,0.0,0.0,12.0,0.0
107,CA Pujara,390,54,403,0.0,0.0,0.0,22,17.73,96.77,13.4,0.0,0.0,0.0,6.0,0.0
108,CH Gayle,4997,767,3516,18.0,584.0,755.0,141,35.44,142.12,21.81,7.76,41.94,32.44,30.0,0.0
109,CH Morris,618,76,413,96.0,1801.0,2377.0,81,7.63,149.64,18.4,7.92,24.76,18.76,36.0,0.0
110,CJ Anderson,538,71,436,11.0,315.0,525.0,30,17.93,123.39,16.28,10.0,47.73,28.64,11.0,0.0
111,CJ Ferguson,98,9,119,0.0,0.0,0.0,8,12.25,82.35,7.56,0.0,0.0,0.0,2.0,0.0
112,CJ Jordan,75,6,68,27.0,577.0,870.0,28,2.68,110.29,8.82,9.05,32.22,21.37,13.0,0.0
113,CJ McKay,8,0,15,1.0,42.0,60.0,2,4.0,53.33,0.0,8.57,59.99,42.0,0.0,0.0
114,CK Kapugedera,16,0,24,0.0,17.0,49.0,4,4.0,66.67,0.0,17.29,490000.0,170000.0,4.0,0.0
115,CK Langeveldt,8,1,9,13.0,165.0,199.0,7,1.14,88.89,11.11,7.24,15.31,12.69,0.0,0.0
116,CL White,971,114,774,1.0,46.0,86.0,45,21.58,125.45,14.73,11.22,85.99,46.0,22.0,0.0
117,CM Gautam,169,23,158,0.0,0.0,0.0,13,13.0,106.96,14.56,0.0,0.0,0.0,3.0,4.0
118,CR Brathwaite,181,26,120,13.0,266.0,384.0,16,11.31,150.83,21.67,8.66,29.54,20.46,6.0,0.0
119,CR Woakes,78,9,77,30.0,463.0,674.0,21,3.71,101.3,11.69,8.73,22.47,15.43,6.0,0.0
120,CRD Fernando,4,0,3,17.0,249.0,306.0,10,0.4,133.33,0.0,7.37,18.0,14.65,2.0,0.0
121,CV Varun,24,2,38,42.0,992.0,1186.0,42,0.57,63.16,5.26,7.17,28.24,23.62,5.0,0.0
122,D Brevis,161,25,116,1.0,3.0,8.0,7,23.0,138.79,21.55,16.0,8.0,3.0,3.0,0.0
123,D Kalyankrishna,3,0,8,2.0,50.0,88.0,3,1.0,37.5,0.0,10.56,44.0,25.0,1.0,0.0
124,D Padikkal,1260,172,1057,0.0,0.0,0.0,46,27.39,119.21,16.27,0.0,0.0,0.0,20.0,0.0
125,D Pretorius,44,6,28,6.0,138.0,213.0,6,7.33,157.14,21.43,9.26,35.5,23.0,2.0,0.0
126,D Salunkhe,33,5,24,1.0,51.0,80.0,5,6.6,137.5,20.83,9.41,79.99,50.99,2.0,0.0
127,D Wiese,127,16,94,16.0,289.0,409.0,15,8.47,135.11,17.02,8.49,25.56,18.06,5.0,0.0
128,D du Preez,10,0,13,4.0,43.0,56.0,2,5.0,76.92,0.0,7.81,14.0,10.75,0.0,0.0
129,DA Miller,2455,282,1838,0.0,0.0,0.0,101,24.31,133.57,15.34,0.0,0.0,0.0,64.0,0.0
130,DA Warner,5883,793,4313,0.0,2.0,2.0,162,36.31,136.4,18.39,6.0,20000.0,20000.0,76.0,0.0
131,DAJ Bracewell,12,1,9,3.0,25.0,32.0,1,12.0,133.33,11.11,7.68,10.67,8.33,1.0,0.0
132,DB Das,304,39,267,0.0,0.0,0.0,22,13.82,113.86,14.61,0.0,0.0,0.0,7.0,0.0
133,DB Ravi Teja,375,44,325,1.0,18.0,28.0,25,15.0,115.38,13.54,9.33,28.0,18.0,11.0,0.0
134,DE Bollinger,21,2,23,37.0,600.0,716.0,27,0.78,91.3,8.7,7.16,19.35,16.22,6.0,0.0
135,DH Yagnik,170,25,142,0.0,0.0,0.0,17,10.0,119.72,17.61,0.0,0.0,0.0,12.0,5.0
136,DJ Bravo,1560,186,1247,183.0,3296.0,4436.0,160,9.75,125.1,14.92,8.08,24.24,18.01,69.0,0.0
137,DJ Harris,111,16,103,0.0,18.0,26.0,4,27.75,107.77,15.53,8.67,260000.0,180000.0,5.0,0.0
138,DJ Hooda,1237,133,970,10.0,359.0,505.0,80,15.46,127.53,13.71,8.44,50.5,35.9,42.0,0.0
139,DJ Hussey,1322,150,1101,8.0,323.0,485.0,61,21.67,120.07,13.62,9.01,60.62,40.37,25.0,0.0
140,DJ Jacobs,92,14,101,0.0,0.0,0.0,7,13.14,91.09,13.86,0.0,0.0,0.0,3.0,2.0
141,DJ Malan,26,2,26,0.0,0.0,0.0,1,26.0,100.0,7.69,0.0,0.0,0.0,1.0,0.0
142,DJ Mitchell,33,1,46,0.0,13.0,27.0,2,16.5,71.74,2.17,12.46,270000.0,130000.0,2.0,0.0
143,DJ Muthuswami,1,0,3,4.0,84.0,108.0,6,0.17,33.33,0.0,7.71,27.0,21.0,0.0,0.0
144,DJ Thornely,39,4,54,3.0,44.0,40.0,5,7.8,72.22,7.41,5.45,13.33,14.67,2.0,0.0
145,DJ Willey,18,3,32,3.0,127.0,171.0,7,2.57,56.25,9.38,8.08,57.0,42.33,3.0,0.0
146,DJG Sammy,295,33,251,11.0,244.0,354.0,22,13.41,117.53,13.15,8.7,32.18,22.18,9.0,0.0
147,DJM Short,115,16,102,1.0,18.0,23.0,7,16.43,112.75,15.69,7.67,23.0,18.0,2.0,0.0
148,DL Chahar,79,8,59,59.0,1385.0,1739.0,63,1.25,133.9,13.56,7.53,29.47,23.47,10.0,0.0
149,DL Vettori,121,13,118,28.0,785.0,894.0,34,3.56,102.54,11.02,6.83,31.93,28.04,11.0,0.0
150,DM Bravo,6,1,5,0.0,0.0,0.0,1,6.0,120.0,20.0,0.0,0.0,0.0,0.0,0.0
151,DNT Zoysa,11,1,9,2.0,69.0,100.0,3,3.67,122.22,11.11,8.7,50.0,34.5,0.0,0.0
152,DP Conway,252,35,176,0.0,0.0,0.0,7,36.0,143.18,19.89,0.0,0.0,0.0,2.0,0.0
153,DP Nannes,4,0,13,28.0,689.0,815.0,29,0.14,30.77,0.0,7.1,29.11,24.61,8.0,0.0
154,DP Vijaykumar,1,0,1,4.0,159.0,205.0,9,0.11,100.0,0.0,7.74,51.25,39.75,0.0,0.0
155,DPMD Jayawardene,1808,240,1522,0.0,0.0,0.0,78,23.18,118.79,15.77,0.0,0.0,0.0,33.0,0.0
156,DR Martyn,19,1,26,0.0,0.0,0.0,1,19.0,73.08,3.85,0.0,0.0,0.0,0.0,0.0
157,DR Sams,44,4,48,14.0,389.0,528.0,16,2.75,91.67,8.33,8.14,37.71,27.79,10.0,0.0
158,DR Shorey,13,1,20,0.0,0.0,0.0,2,6.5,65.0,5.0,0.0,0.0,0.0,6.0,0.0
159,DR Smith,2385,362,1803,26.0,557.0,825.0,91,26.21,132.28,20.08,8.89,31.73,21.42,41.0,0.0
160,DS Kulkarni,104,9,113,86.0,1876.0,2513.0,92,1.13,92.04,7.96,8.04,29.22,21.81,18.0,0.0
161,DS Lehmann,18,3,19,0.0,0.0,0.0,2,9.0,94.74,15.79,0.0,0.0,0.0,0.0,0.0
162,DT Christian,460,42,408,38.0,922.0,1218.0,49,9.39,112.75,10.29,7.93,32.05,24.26,28.0,0.0
163,DT Patil,13,1,13,0.0,0.0,0.0,2,6.5,100.0,7.69,0.0,0.0,0.0,2.0,0.0
164,DW Steyn,167,17,163,97.0,2282.0,2583.0,95,1.76,102.45,10.43,6.79,26.63,23.53,22.0,0.0
165,E Lewis,654,98,499,0.0,0.0,0.0,26,25.15,131.06,19.64,0.0,0.0,0.0,9.0,0.0
166,EJG Morgan,1406,176,1181,0.0,0.0,0.0,74,19.0,119.05,14.9,0.0,0.0,0.0,36.0,0.0
167,ER Dwivedi,24,4,15,0.0,0.0,0.0,2,12.0,160.0,26.67,0.0,0.0,0.0,2.0,0.0
168,F Behardien,14,2,13,0.0,0.0,0.0,3,4.67,107.69,15.38,0.0,0.0,0.0,1.0,0.0
169,F du Plessis,3403,424,2676,0.0,6.0,16.0,109,31.22,127.17,15.84,16.0,160000.0,60000.0,71.0,0.0
170,FA Allen,14,1,19,2.0,91.0,136.0,5,2.8,73.68,5.26,8.97,68.0,45.5,2.0,0.0
171,FH Edwards,4,0,5,5.0,150.0,160.0,6,0.67,80.0,0.0,6.4,32.0,30.0,0.0,0.0
172,FY Fazal,183,23,179,0.0,12.0,20.0,12,15.25,102.23,12.85,10.0,200000.0,120000.0,7.0,0.0
173,Fazalhaq Farooqi,2,0,8,2.0,76.0,110.0,3,0.67,25.0,0.0,8.68,55.0,38.0,0.0,0.0
174,G Gambhir,4217,551,3524,0.0,0.0,0.0,151,27.93,119.67,15.64,0.0,0.0,0.0,28.0,0.0
175,GB Hogg,22,1,22,23.0,466.0,585.0,21,1.05,100.0,4.55,7.53,25.43,20.26,4.0,0.0
176,GC Smith,739,103,691,0.0,0.0,0.0,29,25.48,106.95,14.91,0.0,0.0,0.0,7.0,0.0
177,GC Viljoen,3,0,7,7.0,146.0,229.0,6,0.5,42.86,0.0,9.41,32.71,20.86,0.0,0.0
178,GD McGrath,4,1,5,12.0,329.0,366.0,14,0.29,80.0,20.0,6.67,30.5,27.42,2.0,0.0
179,GD Phillips,26,3,33,1.0,13.0,20.0,3,8.67,78.79,9.09,9.23,20.0,13.0,1.0,0.0
180,GH Vihari,284,24,331,1.0,43.0,48.0,23,12.35,85.8,7.25,6.7,48.0,43.0,6.0,0.0
181,GHS Garton,2,0,4,3.0,97.0,136.0,5,0.4,50.0,0.0,8.41,45.33,32.33,1.0,0.0
182,GJ Bailey,663,78,552,0.0,0.0,0.0,36,18.42,120.11,14.13,0.0,0.0,0.0,12.0,0.0
183,GJ Maxwell,2320,325,1571,28.0,803.0,1087.0,109,21.28,147.68,20.69,8.12,38.82,28.68,40.0,0.0
184,GR Napier,15,1,16,1.0,24.0,28.0,1,15.0,93.75,6.25,7.0,28.0,24.0,0.0,0.0
185,Gurkeerat Singh,511,66,436,5.0,82.0,97.0,32,15.97,117.2,15.14,7.1,19.4,16.4,20.0,1.0
186,H Das,2,0,5,0.0,0.0,0.0,1,2.0,40.0,0.0,0.0,0.0,0.0,0.0,0.0
187,H Klaasen,66,6,58,0.0,0.0,0.0,6,11.0,113.79,10.34,0.0,0.0,0.0,4.0,4.0
188,HE van der Dussen,22,2,25,0.0,0.0,0.0,3,7.33,88.0,8.0,0.0,0.0,0.0,0.0,0.0
189,HF Gurney,1,0,5,7.0,169.0,239.0,8,0.12,20.0,0.0,8.49,34.14,24.14,0.0,0.0
190,HH Gibbs,886,114,837,0.0,0.0,0.0,36,24.61,105.85,13.62,0.0,0.0,0.0,22.0,0.0
191,HH Pandya,1972,257,1406,50.0,1103.0,1566.0,105,18.78,140.26,18.28,8.52,31.32,22.06,52.0,0.0
192,HM Amla,577,81,418,0.0,0.0,0.0,16,36.06,138.04,19.38,0.0,0.0,0.0,0.0,0.0
193,HR Shokeen,43,5,48,2.0,94.0,130.0,5,8.6,89.58,10.42,8.3,65.0,47.0,2.0,0.0
194,HV Patel,230,28,189,97.0,1665.0,2262.0,77,2.99,121.69,14.81,8.15,23.32,17.16,16.0,0.0
195,Harbhajan Singh,833,121,636,150.0,3496.0,4101.0,163,5.11,130.97,19.03,7.04,27.34,23.31,38.0,0.0
196,Harmeet Singh,18,3,12,27.0,574.0,747.0,28,0.64,150.0,25.0,7.81,27.67,21.26,3.0,0.0
197,Harpreet Brar,106,11,100,9.0,296.0,379.0,15,7.07,106.0,11.0,7.68,42.11,32.89,5.0,0.0
198,Harpreet Singh,20,0,26,0.0,0.0,0.0,3,6.67,76.92,0.0,0.0,0.0,0.0,2.0,0.0
199,Harshit Rana,2,0,2,1.0,31.0,52.0,2,1.0,100.0,0.0,10.06,51.99,31.0,0.0,0.0
200,I Malhotra,7,1,4,0.0,6.0,23.0,1,7.0,175.0,25.0,23.0,230000.0,60000.0,0.0,0.0
201,I Sharma,55,6,62,72.0,2090.0,2779.0,93,0.59,88.71,9.68,7.98,38.6,29.03,16.0,0.0
202,I Udana,15,2,11,8.0,182.0,286.0,10,1.5,136.36,18.18,9.43,35.75,22.75,3.0,0.0
203,IC Pandey,0,0,2,18.0,469.0,609.0,24,0.0,0.0,0.0,7.79,33.83,26.06,6.0,0.0
204,IK Pathan,1150,126,985,80.0,2113.0,2711.0,102,11.27,116.75,12.79,7.7,33.89,26.41,28.0,0.0
205,IR Jaggi,76,6,100,0.0,0.0,0.0,7,10.86,76.0,6.0,0.0,0.0,0.0,2.0,0.0
206,IS Sodhi,7,0,18,9.0,182.0,204.0,8,0.88,38.89,0.0,6.73,22.67,20.22,0.0,0.0
207,Imran Tahir,33,5,37,82.0,1340.0,1729.0,59,0.56,89.19,13.51,7.74,21.09,16.34,8.0,0.0
208,Iqbal Abdulla,88,10,86,40.0,943.0,1125.0,48,1.83,102.33,11.63,7.16,28.12,23.57,12.0,0.0
209,Ishan Kishan,1870,251,1444,0.0,0.0,0.0,70,26.71,129.5,17.38,0.0,0.0,0.0,33.0,2.0
210,J Arunkumar,23,5,24,0.0,0.0,0.0,3,7.67,95.83,20.83,0.0,0.0,0.0,0.0,0.0
211,J Botha,409,44,364,25.0,709.0,818.0,34,12.03,112.36,12.09,6.92,32.72,28.36,16.0,0.0
212,J Suchith,70,9,62,19.0,434.0,604.0,21,3.33,112.9,14.52,8.35,31.79,22.84,17.0,0.0
213,J Syed Mohammad,29,4,27,8.0,196.0,286.0,11,2.64,107.41,14.81,8.76,35.75,24.5,1.0,0.0
214,J Theron,10,1,13,11.0,235.0,311.0,10,1.0,76.92,7.69,7.94,28.27,21.36,1.0,0.0
215,J Yadav,40,3,38,8.0,374.0,421.0,19,2.11,105.26,7.89,6.75,52.62,46.75,5.0,0.0
216,JA Morkel,975,116,712,85.0,1807.0,2409.0,90,10.83,136.94,16.29,8.0,28.34,21.26,17.0,0.0
217,JA Richardson,15,2,25,3.0,69.0,122.0,3,5.0,60.0,8.0,10.61,40.67,23.0,1.0,0.0
218,JC Archer,195,25,128,46.0,858.0,1008.0,35,5.57,152.34,19.53,7.05,21.91,18.65,7.0,0.0
219,JC Buttler,2832,413,1955,0.0,0.0,0.0,81,34.96,144.86,21.13,0.0,0.0,0.0,43.0,1.0
220,JD Ryder,604,88,466,8.0,241.0,314.0,29,20.83,129.61,18.88,7.82,39.25,30.12,10.0,0.0
221,JD Unadkat,164,19,136,91.0,1942.0,2806.0,90,1.82,120.59,13.97,8.67,30.84,21.34,19.0,0.0
222,JDP Oram,106,11,110,9.0,244.0,362.0,15,7.07,96.36,10.0,8.9,40.22,27.11,7.0,0.0
223,JDS Neesham,92,8,93,8.0,222.0,342.0,14,6.57,98.92,8.6,9.24,42.75,27.75,2.0,0.0
224,JE Taylor,3,0,4,6.0,122.0,167.0,5,0.6,75.0,0.0,8.21,27.83,20.33,0.0,0.0
225,JEC Franklin,327,34,309,9.0,155.0,225.0,19,17.21,105.83,11.0,8.71,25.0,17.22,6.0,0.0
226,JH Kallis,2427,299,2291,65.0,1799.0,2348.0,98,24.77,105.94,13.05,7.83,36.12,27.68,30.0,0.0
227,JJ Bumrah,56,5,68,148.0,2857.0,3499.0,120,0.47,82.35,7.35,7.35,23.64,19.3,11.0,0.0
228,JJ Roy,329,48,264,0.0,0.0,0.0,13,25.31,124.62,18.18,0.0,0.0,0.0,8.0,0.0
229,JJ van der Wath,18,2,17,3.0,76.0,134.0,3,6.0,105.88,11.76,10.58,44.67,25.33,0.0,0.0
230,JL Denly,0,0,1,0.0,0.0,0.0,1,0.0,0.0,0.0,0.0,0.0,0.0,0.0,0.0
231,JL Pattinson,15,2,13,11.0,222.0,321.0,10,1.5,115.38,15.38,8.68,29.18,20.18,2.0,0.0
232,JM Bairstow,1291,188,935,0.0,0.0,0.0,39,33.1,138.07,20.11,0.0,0.0,0.0,20.0,4.0
233,JM Kemp,26,2,25,3.0,47.0,58.0,5,5.2,104.0,8.0,7.4,19.33,15.67,1.0,0.0
234,JM Sharma,234,34,149,0.0,0.0,0.0,10,23.4,157.05,22.82,0.0,0.0,0.0,9.0,2.0
235,JO Holder,247,30,205,49.0,873.0,1199.0,38,6.5,120.49,14.63,8.24,24.47,17.82,11.0,0.0
236,JP Duminy,2029,205,1680,23.0,701.0,847.0,79,25.68,120.77,12.2,7.25,36.83,30.48,30.0,0.0
237,JP Faulkner,527,59,406,61.0,1287.0,1849.0,60,8.78,129.8,14.53,8.62,30.31,21.1,16.0,0.0
238,JPR Scantlebury-Searles,8,1,6,2.0,45.0,89.0,3,2.67,133.33,16.67,11.87,44.5,22.5,4.0,0.0
239,JR Hazlewood,18,1,27,32.0,565.0,754.0,24,0.75,66.67,3.7,8.01,23.56,17.66,1.0,0.0
240,JR Hopes,417,60,314,14.0,369.0,562.0,20,20.85,132.8,19.11,9.14,40.14,26.36,5.0,0.0
241,JR Philippe,78,10,80,0.0,0.0,0.0,5,15.6,97.5,12.5,0.0,0.0,0.0,0.0,0.0
242,Jaskaran Singh,8,0,11,6.0,111.0,174.0,7,1.14,72.73,0.0,9.41,29.0,18.5,0.0,0.0
243,Joginder Sharma,36,3,30,12.0,272.0,421.0,16,2.25,120.0,10.0,9.29,35.08,22.67,5.0,0.0
244,K Goel,218,26,239,0.0,67.0,94.0,16,13.62,91.21,10.88,8.42,940000.0,670000.0,9.0,0.0
245,K Gowtham,186,25,115,18.0,486.0,677.0,28,6.64,161.74,21.74,8.36,37.61,27.0,14.0,0.0
246,K Kartikeya,3,0,6,5.0,78.0,103.0,4,0.75,50.0,0.0,7.92,20.6,15.6,0.0,0.0
247,K Rabada,186,22,188,102.0,1498.0,2023.0,63,2.95,98.94,11.7,8.1,19.83,14.69,21.0,0.0
248,K Upadhyay,12,1,9,0.0,56.0,81.0,3,4.0,133.33,11.11,8.68,810000.0,560000.0,1.0,0.0
249,K Yadav,0,0,4,0.0,12.0,17.0,1,0.0,0.0,0.0,8.5,170000.0,120000.0,0.0,0.0
250,KA Jamieson,65,8,55,9.0,179.0,271.0,9,7.22,118.18,14.55,9.08,30.11,19.89,2.0,0.0
251,KA Pollard,3437,445,2447,69.0,1586.0,2200.0,179,19.2,140.46,18.19,8.32,31.88,22.99,97.0,0.0
252,KAJ Roach,10,1,9,0.0,52.0,80.0,2,5.0,111.11,11.11,9.23,800000.0,520000.0,1.0,0.0
253,KB Arun Karthik,51,5,53,0.0,0.0,0.0,8,6.38,96.23,9.43,0.0,0.0,0.0,12.0,2.0
254,KC Cariappa,24,2,21,8.0,224.0,349.0,11,2.18,114.29,9.52,9.35,43.62,28.0,2.0,0.0
255,KC Sangakkara,1687,222,1424,0.0,0.0,0.0,68,24.81,118.47,15.59,0.0,0.0,0.0,45.0,9.0
256,KD Karthik,4377,560,3386,0.0,0.0,0.0,207,21.14,129.27,16.54,0.0,0.0,0.0,133.0,34.0
257,KH Pandya,1326,171,1003,61.0,1725.0,2066.0,98,13.53,132.2,17.05,7.19,33.87,28.28,30.0,0.0
258,KJ Abbott,13,1,8,2.0,102.0,182.0,5,2.6,162.5,12.5,10.71,91.0,51.0,0.0,0.0
259,KK Ahmed,1,0,7,48.0,809.0,1116.0,34,0.03,14.29,0.0,8.28,23.25,16.85,1.0,0.0
260,KK Cooper,116,17,70,33.0,600.0,789.0,25,4.64,165.71,24.29,7.89,23.91,18.18,11.0,0.0
261,KK Nair,1496,200,1192,0.0,0.0,0.0,68,22.0,125.5,16.78,0.0,0.0,0.0,26.0,0.0
262,KL Nagarkoti,22,1,34,5.0,185.0,287.0,12,1.83,64.71,2.94,9.31,57.4,37.0,9.0,0.0
263,KL Rahul,3895,491,2933,0.0,0.0,0.0,99,39.34,132.8,16.74,0.0,0.0,0.0,59.0,5.0
264,KM Jadhav,1196,141,1002,0.0,0.0,0.0,80,14.95,119.36,14.07,0.0,0.0,0.0,30.0,7.0
265,KMA Paul,18,2,26,9.0,180.0,239.0,8,2.25,69.23,7.69,7.97,26.56,20.0,6.0,0.0
266,KMDN Kulasekara,5,1,3,5.0,107.0,122.0,5,1.0,166.67,33.33,6.84,24.4,21.4,3.0,0.0
267,KP Appanna,2,0,4,9.0,222.0,291.0,13,0.15,50.0,0.0,7.86,32.33,24.67,3.0,0.0
268,KP Pietersen,1001,131,758,7.0,180.0,218.0,36,27.81,132.06,17.28,7.27,31.14,25.71,12.0,0.0
269,KR Sen,0,0,3,8.0,157.0,240.0,7,0.0,0.0,0.0,9.17,30.0,19.62,2.0,0.0
270,KS Bharat,199,20,168,0.0,0.0,0.0,8,24.88,118.45,11.9,0.0,0.0,0.0,4.0,1.0
271,KS Sharma,4,1,4,0.0,0.0,0.0,1,4.0,100.0,25.0,0.0,0.0,0.0,0.0,0.0
272,KS Williamson,2105,247,1707,0.0,18.0,31.0,74,28.45,123.32,14.47,10.33,310000.0,180000.0,39.0,0.0
273,KV Sharma,317,32,285,59.0,1239.0,1645.0,67,4.73,111.23,11.23,7.97,27.88,21.0,12.0,0.0
274,KW Richardson,36,3,39,19.0,345.0,479.0,15,2.4,92.31,7.69,8.33,25.21,18.16,5.0,0.0
275,Kamran Akmal,128,21,78,0.0,0.0,0.0,6,21.33,164.1,26.92,0.0,0.0,0.0,5.0,4.0
276,Kamran Khan,3,0,5,10.0,177.0,248.0,9,0.33,60.0,0.0,8.41,24.8,17.7,4.0,0.0
277,Karanveer Singh,12,1,17,12.0,213.0,323.0,9,1.33,70.59,5.88,9.1,26.92,17.75,2.0,0.0
278,Kartik Tyagi,13,1,16,14.0,388.0,576.0,16,0.81,81.25,6.25,8.91,41.14,27.71,3.0,0.0
279,Kuldeep Yadav,105,10,130,61.0,1219.0,1671.0,59,1.78,80.77,7.69,8.22,27.39,19.98,10.0,0.0
280,L Ablish,0,0,2,3.0,45.0,76.0,3,0.0,0.0,0.0,10.13,25.33,15.0,0.0,0.0
281,L Balaji,36,3,50,76.0,1574.0,2083.0,73,0.49,72.0,6.0,7.94,27.41,20.71,9.0,0.0
282,L Ronchi,34,7,37,0.0,0.0,0.0,5,6.8,91.89,18.92,0.0,0.0,0.0,4.0,0.0
283,LA Carseldine,81,11,71,1.0,7.0,6.0,5,16.2,114.08,15.49,5.14,6.0,7.0,4.0,0.0
284,LA Pomersbach,302,38,251,0.0,0.0,0.0,16,18.88,120.32,15.14,0.0,0.0,0.0,8.0,0.0
285,LE Plunkett,1,0,3,4.0,154.0,228.0,7,0.14,33.33,0.0,8.88,57.0,38.5,2.0,0.0
286,LH Ferguson,67,8,47,38.0,805.0,1093.0,35,1.91,142.55,17.02,8.15,28.76,21.18,5.0,0.0
287,LJ Wright,106,19,63,2.0,75.0,125.0,7,15.14,168.25,30.16,10.0,62.5,37.5,2.0,0.0
288,LMP Simmons,1079,153,878,1.0,18.0,34.0,29,37.21,122.89,17.43,11.33,34.0,18.0,10.0,0.0
289,LPC Silva,40,6,27,0.0,6.0,21.0,3,13.33,148.15,22.22,21.0,210000.0,60000.0,3.0,0.0
290,LR Shukla,405,49,358,15.0,326.0,458.0,43,9.42,113.13,13.69,8.43,30.53,21.73,15.0,0.0
291,LRPL Taylor,1017,112,847,0.0,13.0,24.0,54,18.83,120.07,13.22,11.08,240000.0,130000.0,18.0,0.0
292,LS Livingstone,549,78,352,6.0,150.0,215.0,23,23.87,155.97,22.16,8.6,35.83,25.0,12.0,0.0
293,Lalit Yadav,229,25,227,8.0,194.0,253.0,17,13.47,100.88,11.01,7.82,31.62,24.25,14.0,0.0
294,M Ashwin,35,3,50,35.0,873.0,1129.0,42,0.83,70.0,6.0,7.76,32.26,24.94,7.0,0.0
295,M Jansen,9,1,11,9.0,241.0,325.0,10,0.9,81.82,9.09,8.09,36.11,26.78,4.0,0.0
296,M Kaif,259,28,258,0.0,0.0,0.0,22,11.77,100.39,10.85,0.0,0.0,0.0,16.0,0.0
297,M Kartik,113,8,109,31.0,1182.0,1418.0,55,2.05,103.67,7.34,7.2,45.74,38.13,18.0,0.0
298,M Klinger,73,9,78,0.0,0.0,0.0,4,18.25,93.59,11.54,0.0,0.0,0.0,0.0,0.0
299,M Manhas,514,53,486,0.0,42.0,42.0,38,13.53,105.76,10.91,6.0,420000.0,420000.0,20.0,0.0
300,M Markande,27,3,30,17.0,365.0,522.0,20,1.35,90.0,10.0,8.58,30.71,21.47,5.0,0.0
301,M Morkel,126,16,93,77.0,1699.0,2136.0,70,1.8,135.48,17.2,7.54,27.74,22.06,11.0,0.0
302,M Muralitharan,20,1,30,64.0,1581.0,1765.0,66,0.3,66.67,3.33,6.7,27.58,24.7,14.0,0.0
303,M Ntini,11,2,19,7.0,213.0,257.0,9,1.22,57.89,10.53,7.24,36.71,30.43,1.0,0.0
304,M Prasidh Krishna,9,0,24,50.0,1231.0,1741.0,51,0.18,37.5,0.0,8.49,34.82,24.62,9.0,0.0
305,M Rawat,55,5,70,0.0,0.0,0.0,11,5.0,78.57,7.14,0.0,0.0,0.0,16.0,2.0
306,M Shahrukh Khan,270,32,236,0.0,0.0,0.0,18,15.0,114.41,13.56,0.0,0.0,0.0,7.0,0.0
307,M Theekshana,7,1,7,12.0,212.0,267.0,9,0.78,100.0,14.29,7.56,22.25,17.67,0.0,0.0
308,M Vijay,2619,338,2208,0.0,37.0,49.0,105,24.94,118.61,15.31,7.95,490000.0,370000.0,48.0,0.0
309,M Vohra,1073,146,852,0.0,0.0,0.0,50,21.46,125.94,17.14,0.0,0.0,0.0,13.0,0.0
310,M de Lange,1,0,2,5.0,116.0,171.0,5,0.2,50.0,0.0,8.84,34.2,23.2,0.0,0.0
311,MA Agarwal,2335,319,1803,0.0,0.0,0.0,107,21.82,129.51,17.69,0.0,0.0,0.0,51.0,0.0
312,MA Khote,24,3,22,2.0,30.0,52.0,3,8.0,109.09,13.64,10.4,26.0,15.0,0.0,0.0
313,MA Starc,96,10,98,34.0,612.0,725.0,26,3.69,97.96,10.2,7.11,21.32,18.0,16.0,0.0
314,MA Wood,1,0,5,0.0,25.0,50.0,1,1.0,20.0,0.0,12.0,500000.0,250000.0,1.0,0.0
315,MC Henriques,1000,115,801,42.0,979.0,1302.0,62,16.13,124.84,14.36,7.98,31.0,23.31,29.0,0.0
316,MC Juneja,125,12,134,0.0,0.0,0.0,7,17.86,93.28,8.96,0.0,0.0,0.0,0.0,0.0
317,MD Mishra,237,32,213,0.0,0.0,0.0,17,13.94,111.27,15.02,0.0,0.0,0.0,1.0,0.0
318,MDKJ Perera,14,3,13,0.0,0.0,0.0,2,7.0,107.69,23.08,0.0,0.0,0.0,0.0,0.0
319,MEK Hussey,1977,250,1648,0.0,0.0,0.0,58,34.09,119.96,15.17,0.0,0.0,0.0,26.0,0.0
320,MF Maharoof,177,21,124,27.0,441.0,532.0,20,8.85,142.74,16.94,7.24,19.7,16.33,4.0,0.0
321,MG Johnson,167,17,168,62.0,1301.0,1740.0,54,3.09,99.4,10.12,8.02,28.06,20.98,15.0,0.0
322,MJ Clarke,98,12,96,2.0,66.0,72.0,6,16.33,102.08,12.5,6.55,36.0,33.0,1.0,0.0
323,MJ Guptill,271,39,197,0.0,0.0,0.0,13,20.85,137.56,19.8,0.0,0.0,0.0,7.0,0.0
324,MJ Lumb,278,51,198,0.0,0.0,0.0,12,23.17,140.4,25.76,0.0,0.0,0.0,5.0,0.0
325,MJ McClenaghan,85,12,73,71.0,1346.0,1839.0,56,1.52,116.44,16.44,8.2,25.9,18.96,1.0,0.0
326,MJ Santner,54,6,55,10.0,244.0,282.0,12,4.5,98.18,10.91,6.93,28.2,24.4,4.0,0.0
327,MK Lomror,267,28,214,1.0,73.0,92.0,17,15.71,124.77,13.08,7.56,91.99,72.99,4.0,0.0
328,MK Pandey,3657,424,3106,0.0,0.0,0.0,148,24.71,117.74,13.65,0.0,0.0,0.0,78.0,0.0
329,MK Tiwary,1695,196,1489,1.0,45.0,83.0,85,19.94,113.83,13.16,11.07,82.99,45.0,47.0,0.0
330,ML Hayden,1107,165,839,0.0,0.0,0.0,32,34.59,131.94,19.67,0.0,0.0,0.0,11.0,0.0
331,MM Ali,910,129,652,24.0,564.0,631.0,44,20.68,139.57,19.79,6.71,26.29,23.5,15.0,0.0
332,MM Patel,39,5,41,74.0,1382.0,1733.0,63,0.62,95.12,12.2,7.52,23.42,18.68,12.0,0.0
333,MM Sharma,122,13,120,92.0,1795.0,2488.0,86,1.42,101.67,10.83,8.32,27.04,19.51,16.0,0.0
334,MN Samuels,161,16,174,9.0,219.0,285.0,15,10.73,92.53,9.2,7.81,31.67,24.33,2.0,0.0
335,MN van Wyk,167,20,135,0.0,0.0,0.0,5,33.4,123.7,14.81,0.0,0.0,0.0,7.0,0.0
336,MP Stoinis,1070,131,813,34.0,675.0,1072.0,67,15.97,131.61,16.11,9.53,31.53,19.85,16.0,0.0
337,MR Marsh,476,56,394,24.0,407.0,528.0,29,16.41,120.81,14.21,7.78,22.0,16.96,7.0,0.0
338,MS Bisla,798,116,737,0.0,0.0,0.0,39,20.46,108.28,15.74,0.0,0.0,0.0,20.0,7.0
339,MS Dhoni,4978,575,3802,0.0,0.0,0.0,205,24.28,130.93,15.12,0.0,0.0,0.0,135.0,39.0
340,MS Gony,99,14,76,37.0,925.0,1317.0,44,2.25,130.26,18.42,8.54,35.59,25.0,4.0,0.0
341,MS Wade,179,25,178,0.0,0.0,0.0,13,13.77,100.56,14.04,0.0,0.0,0.0,7.0,1.0
342,MV Boucher,394,45,318,0.0,0.0,0.0,23,17.13,123.9,14.15,0.0,0.0,0.0,14.0,3.0
343,Mandeep Singh,1692,213,1402,0.0,12.0,26.0,94,18.0,120.68,15.19,13.0,260000.0,120000.0,38.0,0.0
344,Mashrafe Mortaza,2,0,2,0.0,28.0,59.0,1,2.0,100.0,0.0,12.64,590000.0,280000.0,0.0,0.0
345,Misbah-ul-Haq,117,16,82,0.0,0.0,0.0,8,14.62,142.68,19.51,0.0,0.0,0.0,1.0,0.0
346,Mohammad Ashraful,2,0,12,0.0,0.0,0.0,1,2.0,16.67,0.0,0.0,0.0,0.0,2.0,0.0
347,Mohammad Asif,3,0,6,8.0,199.0,307.0,8,0.38,50.0,0.0,9.26,38.37,24.87,0.0,0.0
348,Mohammad Hafeez,64,9,84,2.0,63.0,71.0,8,8.0,76.19,10.71,6.76,35.5,31.5,1.0,0.0
349,Mohammad Nabi,186,26,126,13.0,345.0,417.0,17,10.94,147.62,20.63,7.25,32.08,26.54,11.0,0.0
350,Mohammed Shami,69,7,74,99.0,2118.0,2954.0,93,0.74,93.24,9.46,8.37,29.84,21.39,13.0,0.0
351,Mohammed Siraj,96,12,111,59.0,1402.0,1992.0,65,1.48,86.49,10.81,8.52,33.76,23.76,21.0,0.0
352,Mohsin Khan,23,3,19,14.0,206.0,202.0,9,2.56,121.05,15.79,5.88,14.43,14.71,1.0,0.0
353,Mujeeb Ur Rahman,12,2,15,19.0,452.0,598.0,19,0.63,80.0,13.33,7.94,31.47,23.79,2.0,0.0
354,Mukesh Choudhary,6,1,6,16.0,291.0,425.0,13,0.46,100.0,16.67,8.76,26.56,18.19,3.0,0.0
355,Mustafizur Rahman,12,1,22,46.0,1086.0,1389.0,46,0.26,54.55,4.55,7.67,30.2,23.61,4.0,0.0
356,N Jagadeesan,73,8,71,0.0,0.0,0.0,4,18.25,102.82,11.27,0.0,0.0,0.0,0.0,0.0
357,N Pooran,912,117,630,0.0,0.0,0.0,43,21.21,144.76,18.57,0.0,0.0,0.0,19.0,1.0
358,N Rana,2181,301,1677,7.0,131.0,178.0,87,25.07,130.05,17.95,8.15,25.43,18.71,21.0,0.0
359,N Saini,140,16,143,0.0,0.0,0.0,10,14.0,97.9,11.19,0.0,0.0,0.0,11.0,2.0
360,ND Doshi,0,0,13,2.0,57.0,79.0,4,0.0,0.0,0.0,8.32,39.5,28.5,0.0,0.0
361,NJ Maddinson,20,4,21,0.0,0.0,0.0,3,6.67,95.24,19.05,0.0,0.0,0.0,1.0,0.0
362,NJ Rimmington,1,0,1,0.0,18.0,20.0,1,1.0,100.0,0.0,6.67,200000.0,180000.0,0.0,0.0
363,NK Patel,121,15,124,0.0,0.0,0.0,6,20.17,97.58,12.1,0.0,0.0,0.0,6.0,0.0
364,NL McCullum,26,1,23,0.0,30.0,35.0,2,13.0,113.04,4.35,7.0,350000.0,300000.0,1.0,0.0
365,NLTC Perera,424,49,326,31.0,715.0,1031.0,37,11.46,130.06,15.03,8.65,33.26,23.06,13.0,0.0
366,NM Coulter-Nile,82,11,75,48.0,892.0,1125.0,38,2.16,109.33,14.67,7.57,23.44,18.58,10.0,0.0
367,NS Naik,31,2,53,0.0,0.0,0.0,4,7.75,58.49,3.77,0.0,0.0,0.0,3.0,0.0
368,NT Ellis,18,1,19,4.0,108.0,148.0,5,3.6,94.74,5.26,8.22,37.0,27.0,1.0,0.0
369,NV Ojha,1554,200,1360,0.0,0.0,0.0,94,16.53,114.26,14.71,0.0,0.0,0.0,65.0,10.0
370,Navdeep Saini,33,3,38,21.0,657.0,928.0,30,1.1,86.84,7.89,8.47,44.19,31.29,8.0,0.0
371,OA Shah,506,57,405,0.0,0.0,0.0,22,23.0,124.94,14.07,0.0,0.0,0.0,7.0,0.0
372,OC McCoy,8,1,5,11.0,173.0,242.0,7,1.14,160.0,20.0,8.39,22.0,15.73,1.0,0.0
373,OF Smith,51,6,50,6.0,95.0,179.0,6,8.5,102.0,12.0,11.31,29.83,15.83,2.0,0.0
374,P Awana,5,0,14,39.0,774.0,1046.0,33,0.15,35.71,0.0,8.11,26.82,19.85,4.0,0.0
375,P Chopra,8,2,6,0.0,0.0,0.0,1,8.0,133.33,33.33,0.0,0.0,0.0,1.0,0.0
376,P Dogra,127,9,141,0.0,0.0,0.0,12,10.58,90.07,6.38,0.0,0.0,0.0,5.0,0.0
377,P Dubey,7,0,13,0.0,48.0,72.0,3,2.33,53.85,0.0,9.0,720000.0,480000.0,1.0,0.0
378,P Kumar,340,39,323,90.0,2637.0,3342.0,119,2.86,105.26,12.07,7.6,37.13,29.3,13.0,0.0
379,P Negi,365,43,301,34.0,733.0,954.0,46,7.93,121.26,14.29,7.81,28.06,21.56,16.0,0.0
380,P Parameswaran,1,0,3,9.0,159.0,226.0,8,0.12,33.33,0.0,8.53,25.11,17.67,0.0,0.0
381,P Ray Barman,19,2,25,0.0,24.0,56.0,1,19.0,76.0,8.0,14.0,560000.0,240000.0,0.0,0.0
382,P Sahu,19,2,13,3.0,107.0,152.0,5,3.8,146.15,15.38,8.52,50.66,35.67,0.0,0.0
383,P Simran Singh,64,8,67,0.0,0.0,0.0,6,10.67,95.52,11.94,0.0,0.0,0.0,2.0,0.0
384,PA Patel,2848,414,2442,0.0,0.0,0.0,136,20.94,116.63,16.95,0.0,0.0,0.0,69.0,16.0
385,PA Reddy,164,17,167,0.0,0.0,0.0,10,16.4,98.2,10.18,0.0,0.0,0.0,2.0,0.0
386,PBB Rajapaksa,206,29,137,0.0,0.0,0.0,9,22.89,150.36,21.17,0.0,0.0,0.0,4.0,0.0
387,PC Valthaty,505,81,432,7.0,153.0,207.0,23,21.96,116.9,18.75,8.12,29.57,21.86,3.0,0.0
388,PD Collingwood,203,22,159,5.0,90.0,101.0,7,29.0,127.67,13.84,6.73,20.2,18.0,3.0,0.0
389,PJ Cummins,379,50,260,45.0,995.0,1405.0,42,9.02,145.77,19.23,8.47,31.22,22.11,8.0,0.0
390,PJ Sangwan,26,1,47,38.0,905.0,1267.0,42,0.62,55.32,2.13,8.4,33.34,23.82,8.0,0.0
391,PK Garg,251,24,224,0.0,0.0,0.0,17,14.76,112.05,10.71,0.0,0.0,0.0,11.0,0.0
392,PM Sarvesh Kumar,1,0,2,1.0,31.0,42.0,2,0.5,50.0,0.0,8.13,42.0,31.0,0.0,0.0
393,PN Mankad,4,1,1,0.0,0.0,0.0,1,4.0,400.0,100.0,0.0,0.0,0.0,1.0,0.0
394,PP Chawla,584,72,543,157.0,3309.0,4368.0,165,3.54,107.55,13.26,7.92,27.82,21.08,35.0,0.0
395,PP Ojha,16,0,45,89.0,1945.0,2399.0,90,0.18,35.56,0.0,7.4,26.96,21.85,14.0,0.0
396,PP Shaw,1588,247,1106,0.0,0.0,0.0,63,25.21,143.58,22.33,0.0,0.0,0.0,15.0,0.0
397,PR Shah,92,11,97,0.0,0.0,0.0,9,10.22,94.85,11.34,0.0,0.0,0.0,10.0,3.0
398,PSP Handscomb,6,0,12,0.0,0.0,0.0,1,6.0,50.0,0.0,0.0,0.0,0.0,0.0,0.0
399,PV Tambe,18,1,39,28.0,674.0,866.0,33,0.55,46.15,2.56,7.71,30.93,24.07,1.0,0.0
400,PVD Chameera,43,6,32,9.0,278.0,393.0,12,3.58,134.38,18.75,8.48,43.67,30.89,2.0,0.0
401,PWH de Silva,39,5,50,26.0,382.0,499.0,18,2.17,78.0,10.0,7.84,19.19,14.69,1.0,0.0
402,Pankaj Singh,7,0,12,11.0,311.0,472.0,17,0.41,58.33,0.0,9.11,42.91,28.27,2.0,0.0
403,Parvez Rasool,17,1,20,4.0,200.0,273.0,11,1.55,85.0,5.0,8.19,68.25,50.0,3.0,0.0
404,Q de Kock,2767,383,2113,0.0,0.0,0.0,92,30.08,130.95,18.13,0.0,0.0,0.0,65.0,15.0
405,R Ashwin,647,72,567,157.0,4024.0,4596.0,181,3.57,114.11,12.7,6.85,29.27,25.63,36.0,0.0
406,R Bhatia,342,37,290,71.0,1661.0,2059.0,94,3.64,117.93,12.76,7.44,29.0,23.39,23.0,0.0
407,R Bishnoi,19,3,17,0.0,0.0,0.0,3,6.33,111.76,17.65,0.0,0.0,0.0,1.0,0.0
408,R Dhawan,190,23,176,24.0,632.0,819.0,31,6.13,107.95,13.07,7.78,34.12,26.33,10.0,0.0
409,R Dravid,2174,297,1918,0.0,0.0,0.0,82,26.51,113.35,15.48,0.0,0.0,0.0,18.0,0.0
410,R McLaren,159,15,178,12.0,372.0,558.0,18,8.83,89.33,8.43,9.0,46.5,31.0,5.0,0.0
411,R Ninan,3,0,6,3.0,36.0,65.0,2,1.5,50.0,0.0,10.83,21.67,12.0,1.0,0.0
412,R Parag,522,62,434,4.0,162.0,280.0,40,13.05,120.28,14.29,10.37,70.0,40.5,29.0,0.0
413,R Powell,250,32,174,0.0,7.0,17.0,12,20.83,143.68,18.39,14.57,170000.0,70000.0,11.0,0.0
414,R Rampaul,51,5,52,16.0,278.0,319.0,12,4.25,98.08,9.62,6.88,19.94,17.37,4.0,0.0
415,R Sanjay Yadav,0,0,2,0.0,14.0,23.0,1,0.0,0.0,0.0,9.86,230000.0,140000.0,0.0,0.0
416,R Sathish,270,28,236,3.0,144.0,233.0,27,10.0,114.41,11.86,9.71,77.66,48.0,8.0,0.0
417,R Sharma,66,8,77,40.0,935.0,1100.0,44,1.5,85.71,10.39,7.06,27.5,23.37,10.0,0.0
418,R Shepherd,58,7,43,3.0,57.0,98.0,3,19.33,134.88,16.28,10.32,32.67,19.0,0.0,0.0
419,R Shukla,19,2,23,5.0,130.0,217.0,7,2.71,82.61,8.7,10.02,43.4,26.0,3.0,0.0
420,R Tewatia,738,92,588,32.0,852.0,1102.0,60,12.3,125.51,15.65,7.76,34.44,26.62,27.0,0.0
421,R Vinay Kumar,310,30,289,105.0,2186.0,3041.0,104,2.98,107.27,10.38,8.35,28.96,20.82,32.0,0.0
422,RA Bawa,11,1,14,0.0,0.0,0.0,2,5.5,78.57,7.14,0.0,0.0,0.0,0.0,0.0
423,RA Jadeja,2502,272,2049,132.0,3262.0,4114.0,202,12.39,122.11,13.27,7.57,31.17,24.71,84.0,0.0
424,RA Tripathi,1798,244,1312,0.0,6.0,12.0,74,24.3,137.04,18.6,12.0,120000.0,60000.0,29.0,0.0
425,RD Chahar,108,14,102,57.0,1207.0,1497.0,54,2.0,105.88,13.73,7.44,26.26,21.18,14.0,0.0
426,RD Gaikwad,1207,156,945,0.0,0.0,0.0,36,33.53,127.72,16.51,0.0,0.0,0.0,14.0,0.0
427,RE Levi,83,14,74,0.0,0.0,0.0,6,13.83,112.16,18.92,0.0,0.0,0.0,2.0,0.0
428,RE van der Merwe,159,19,144,21.0,455.0,515.0,21,7.57,110.42,13.19,6.79,24.52,21.67,6.0,0.0
429,RG More,2,0,2,1.0,37.0,63.0,2,1.0,100.0,0.0,10.22,62.99,37.0,1.0,0.0
430,RG Sharma,5881,760,4632,15.0,349.0,462.0,221,26.61,126.96,16.41,7.94,30.8,23.27,96.0,0.0
431,RJ Harris,117,9,112,45.0,865.0,1085.0,37,3.16,104.46,8.04,7.53,24.11,19.22,18.0,0.0
432,RJ Peterson,32,4,32,3.0,48.0,70.0,5,6.4,100.0,12.5,8.75,23.33,16.0,1.0,0.0
433,RJ Quiney,103,15,105,0.0,0.0,0.0,7,14.71,98.1,14.29,0.0,0.0,0.0,2.0,0.0
434,RK Bhui,7,0,18,0.0,0.0,0.0,2,3.5,38.89,0.0,0.0,0.0,0.0,0.0,0.0
435,RK Singh,251,32,204,0.0,0.0,0.0,15,16.73,123.04,15.69,0.0,0.0,0.0,17.0,0.0
436,RM Patidar,404,51,297,0.0,0.0,0.0,11,36.73,136.03,17.17,0.0,0.0,0.0,5.0,0.0
437,RN ten Doeschate,326,41,238,2.0,83.0,94.0,23,14.17,136.97,17.23,6.8,47.0,41.5,7.0,0.0
438,RP Meredith,0,0,1,12.0,289.0,412.0,13,0.0,0.0,0.0,8.55,34.33,24.08,1.0,0.0
439,RP Singh,52,3,78,90.0,1874.0,2417.0,82,0.63,66.67,3.85,7.74,26.86,20.82,27.0,0.0
440,RR Bhatkal,0,0,2,0.0,12.0,35.0,1,0.0,0.0,0.0,17.5,350000.0,120000.0,1.0,0.0
441,RR Pant,2851,391,2000,0.0,0.0,0.0,97,29.39,142.55,19.55,0.0,0.0,0.0,64.0,18.0
442,RR Powar,67,7,64,13.0,443.0,538.0,26,2.58,104.69,10.94,7.29,41.38,34.08,5.0,0.0
443,RR Raje,20,2,18,6.0,144.0,214.0,10,2.0,111.11,11.11,8.92,35.67,24.0,3.0,0.0
444,RR Rossouw,53,6,51,0.0,0.0,0.0,5,10.6,103.92,11.76,0.0,0.0,0.0,3.0,0.0
445,RR Sarwan,73,7,78,0.0,0.0,0.0,4,18.25,93.59,8.97,0.0,0.0,0.0,1.0,0.0
446,RS Bopara,531,55,468,11.0,213.0,301.0,24,22.12,113.46,11.75,8.48,27.36,19.36,4.0,0.0
447,RS Gavaskar,2,0,8,0.0,6.0,8.0,2,1.0,25.0,0.0,8.0,80000.0,60000.0,0.0,0.0
448,RS Sodhi,4,1,2,0.0,0.0,0.0,1,4.0,200.0,50.0,0.0,0.0,0.0,2.0,0.0
449,RT Ponting,91,7,129,0.0,0.0,0.0,9,10.11,70.54,5.43,0.0,0.0,0.0,4.0,0.0
450,RV Gomez,50,6,53,5.0,97.0,130.0,13,3.85,94.34,11.32,8.04,26.0,19.4,3.0,0.0
451,RV Patel,31,4,32,0.0,20.0,22.0,3,10.33,96.88,12.5,6.6,220000.0,200000.0,2.0,0.0
452,RV Uthappa,4954,663,3927,0.0,0.0,0.0,197,25.15,126.15,16.88,0.0,0.0,0.0,92.0,32.0
453,Ramandeep Singh,45,4,42,6.0,41.0,55.0,5,9.0,107.14,9.52,8.05,9.17,6.83,0.0,0.0
454,Rashid Khan,313,42,214,112.0,2232.0,2411.0,92,3.4,146.26,19.63,6.48,21.53,19.93,26.0,0.0
455,Rasikh Salam,12,1,10,0.0,51.0,70.0,3,4.0,120.0,10.0,8.24,700000.0,510000.0,1.0,0.0
456,Ravi Bishnoi,8,1,18,37.0,878.0,1083.0,37,0.22,44.44,5.56,7.4,29.27,23.73,7.0,0.0
457,S Anirudha,136,16,121,0.0,0.0,0.0,12,11.33,112.4,13.22,0.0,0.0,0.0,11.0,0.0
458,S Aravind,59,7,59,45.0,788.0,1057.0,38,1.55,100.0,11.86,8.05,23.49,17.51,5.0,0.0
459,S Badree,13,0,25,11.0,263.0,329.0,12,1.08,52.0,0.0,7.51,29.91,23.91,2.0,0.0
460,S Badrinath,1441,182,1245,0.0,0.0,0.0,65,22.17,115.74,14.62,0.0,0.0,0.0,16.0,0.0
461,S Chanderpaul,25,4,33,0.0,0.0,0.0,3,8.33,75.76,12.12,0.0,0.0,0.0,0.0,0.0
462,S Dhawan,6244,838,5083,4.0,49.0,72.0,205,30.46,122.84,16.49,8.82,18.0,12.25,93.0,0.0
463,S Dube,688,84,541,4.0,111.0,176.0,34,20.24,127.17,15.53,9.51,44.0,27.75,11.0,0.0
464,S Gopal,180,21,173,49.0,958.0,1291.0,48,3.75,104.05,12.14,8.09,26.35,19.55,5.0,0.0
465,S Kaul,20,1,36,58.0,1238.0,1772.0,55,0.36,55.56,2.78,8.59,30.55,21.34,8.0,0.0
466,S Kaushik,0,0,1,6.0,210.0,304.0,10,0.0,0.0,0.0,8.69,50.67,35.0,0.0,0.0
467,S Ladda,0,0,10,5.0,141.0,225.0,9,0.0,0.0,0.0,9.57,45.0,28.2,1.0,0.0
468,S Lamichhane,0,0,1,13.0,211.0,297.0,9,0.0,0.0,0.0,8.45,22.85,16.23,1.0,0.0
469,S Nadeem,39,2,88,48.0,1444.0,1800.0,71,0.55,44.32,2.27,7.48,37.5,30.08,11.0,0.0
470,S Narwal,37,6,29,5.0,113.0,203.0,7,5.29,127.59,20.69,10.78,40.6,22.6,1.0,0.0
471,S Rana,91,10,82,0.0,16.0,18.0,8,11.38,110.98,12.2,6.75,180000.0,160000.0,3.0,0.0
472,S Randiv,2,0,4,6.0,180.0,223.0,8,0.25,50.0,0.0,7.43,37.17,30.0,2.0,0.0
473,S Sohal,368,52,311,0.0,0.0,0.0,20,18.4,118.33,16.72,0.0,0.0,0.0,2.0,0.0
474,S Sreesanth,34,6,57,40.0,947.0,1221.0,44,0.77,59.65,10.53,7.74,30.52,23.67,3.0,0.0
475,S Sriram,31,3,38,0.0,18.0,49.0,2,15.5,81.58,7.89,16.33,490000.0,180000.0,0.0,0.0
476,S Tyagi,3,0,4,6.0,220.0,304.0,14,0.21,75.0,0.0,8.29,50.67,36.67,3.0,0.0
477,S Vidyut,145,24,115,1.0,13.0,22.0,8,18.12,126.09,20.87,10.15,22.0,13.0,1.0,0.0
478,SA Abbott,22,3,18,1.0,59.0,104.0,3,7.33,122.22,16.67,10.58,103.99,58.99,0.0,0.0
479,SA Asnodkar,423,66,352,0.0,0.0,0.0,19,22.26,120.17,18.75,0.0,0.0,0.0,6.0,0.0
480,SA Yadav,2644,368,1973,0.0,6.0,8.0,109,24.26,134.01,18.65,8.0,80000.0,60000.0,58.0,0.0
481,SB Bangar,49,4,58,4.0,153.0,221.0,10,4.9,84.48,6.9,8.67,55.25,38.25,2.0,0.0
482,SB Jakati,28,3,30,47.0,1101.0,1474.0,57,0.49,93.33,10.0,8.03,31.36,23.43,19.0,0.0
483,SB Joshi,6,0,16,1.0,55.0,82.0,4,1.5,37.5,0.0,8.95,81.99,54.99,0.0,0.0
484,SB Styris,131,13,134,8.0,222.0,278.0,12,10.92,97.76,9.7,7.51,34.75,27.75,2.0,0.0
485,SB Wagh,2,0,3,5.0,108.0,147.0,8,0.25,66.67,0.0,8.17,29.4,21.6,1.0,0.0
486,SC Ganguly,1349,179,1326,10.0,280.0,370.0,57,23.67,101.73,13.5,7.93,37.0,28.0,22.0,0.0
487,SD Chitnis,99,12,92,2.0,38.0,62.0,9,11.0,107.61,13.04,9.79,31.0,19.0,2.0,0.0
488,SD Lad,15,2,13,0.0,0.0,0.0,1,15.0,115.38,15.38,0.0,0.0,0.0,0.0,0.0
489,SE Bond,1,0,2,9.0,191.0,225.0,8,0.12,50.0,0.0,7.07,25.0,21.22,0.0,0.0
490,SE Marsh,2489,347,1913,0.0,0.0,0.0,69,36.07,130.11,18.14,0.0,0.0,0.0,26.0,0.0
491,SE Rutherford,106,11,107,1.0,46.0,60.0,9,11.78,99.07,10.28,7.83,59.99,46.0,5.0,0.0
492,SJ Srivastava,5,0,5,14.0,306.0,444.0,14,0.36,100.0,0.0,8.71,31.71,21.86,2.0,0.0
493,SK Raina,5536,710,4177,25.0,930.0,1139.0,200,27.68,132.54,17.0,7.35,45.56,37.2,106.0,0.0
494,SK Trivedi,42,4,61,65.0,1557.0,1944.0,76,0.55,68.85,6.56,7.49,29.91,23.95,12.0,0.0
495,SK Warne,198,20,219,57.0,1223.0,1465.0,55,3.6,90.41,9.13,7.19,25.7,21.46,11.0,0.0
496,SL Malinga,88,11,103,170.0,2974.0,3486.0,122,0.72,85.44,10.68,7.03,20.51,17.49,15.0,0.0
497,SM Curran,337,48,230,32.0,681.0,1005.0,32,10.53,146.52,20.87,8.85,31.41,21.28,9.0,0.0
498,SM Harwood,9,0,14,3.0,67.0,74.0,3,3.0,64.29,0.0,6.63,24.67,22.33,2.0,0.0
499,SM Katich,241,34,191,0.0,0.0,0.0,11,21.91,126.18,17.8,0.0,0.0,0.0,2.0,0.0
500,SM Pollock,147,20,116,11.0,280.0,307.0,13,11.31,126.72,17.24,6.58,27.91,25.45,2.0,0.0
501,SMSM Senanayake,10,0,17,9.0,195.0,211.0,8,1.25,58.82,0.0,6.49,23.44,21.67,2.0,0.0
502,SN Khan,532,72,394,0.0,2.0,6.0,32,16.62,135.03,18.27,18.0,60000.0,20000.0,8.0,0.0
503,SN Thakur,173,20,138,82.0,1650.0,2371.0,74,2.34,125.36,14.49,8.62,28.91,20.12,21.0,0.0
504,SO Hetmyer,831,107,577,0.0,0.0,0.0,43,19.33,144.02,18.54,0.0,0.0,0.0,17.0,0.0
505,SP Fleming,196,30,171,0.0,0.0,0.0,10,19.6,114.62,17.54,0.0,0.0,0.0,2.0,0.0
506,SP Goswami,293,35,307,0.0,0.0,0.0,21,13.95,95.44,11.4,0.0,0.0,0.0,18.0,7.0
507,SP Jackson,61,6,57,0.0,0.0,0.0,8,7.62,107.02,10.53,0.0,0.0,0.0,7.0,2.0
508,SP Narine,1025,175,664,152.0,3516.0,3907.0,148,6.93,154.37,26.36,6.67,25.7,23.13,16.0,0.0
509,SPD Smith,2495,286,1999,0.0,2.0,5.0,93,26.83,124.81,14.31,15.0,50000.0,20000.0,54.0,0.0
510,SR Tendulkar,2334,325,2044,0.0,37.0,59.0,78,29.92,114.19,15.9,9.57,590000.0,370000.0,23.0,0.0
511,SR Watson,3880,567,2892,92.0,2137.0,2742.0,145,26.76,134.16,19.61,7.7,29.8,23.23,38.0,0.0
512,SS Cottrell,0,0,2,6.0,131.0,177.0,6,0.0,0.0,0.0,8.11,29.5,21.83,0.0,0.0
513,SS Iyer,2780,337,2295,0.0,6.0,7.0,100,27.8,121.13,14.68,7.0,70000.0,60000.0,39.0,0.0
514,SS Prabhudessai,67,9,62,0.0,0.0,0.0,5,13.4,108.06,14.52,0.0,0.0,0.0,5.0,0.0
515,SS Shaikh,6,1,7,0.0,0.0,0.0,1,6.0,85.71,14.29,0.0,0.0,0.0,2.0,0.0
516,SS Tiwary,1494,161,1291,0.0,0.0,0.0,73,20.47,115.72,12.47,0.0,0.0,0.0,25.0,0.0
517,ST Jayasuriya,768,123,573,13.0,301.0,396.0,30,25.6,134.03,21.47,7.89,30.46,23.15,4.0,0.0
518,STR Binny,880,101,700,22.0,611.0,763.0,86,10.23,125.71,14.43,7.49,34.68,27.77,19.0,0.0
519,SV Samson,3526,437,2663,0.0,0.0,0.0,133,26.51,132.41,16.41,0.0,0.0,0.0,73.0,12.0
520,SW Billings,503,60,399,0.0,0.0,0.0,27,18.63,126.07,15.04,0.0,0.0,0.0,19.0,1.0
521,SW Tait,23,2,26,23.0,534.0,668.0,21,1.1,88.46,7.69,7.51,29.04,23.22,5.0,0.0
522,Sachin Baby,144,16,123,2.0,10.0,8.0,13,11.08,117.07,13.01,4.8,4.0,5.0,5.0,0.0
523,Salman Butt,193,32,172,0.0,0.0,0.0,7,27.57,112.21,18.6,0.0,0.0,0.0,2.0,0.0
524,Sandeep Sharma,52,4,66,114.0,2399.0,3046.0,104,0.5,78.79,6.06,7.62,26.72,21.04,10.0,0.0
525,Shahbaz Ahmed,279,29,253,13.0,341.0,478.0,26,10.73,110.28,11.46,8.41,36.77,26.23,12.0,0.0
526,Shahid Afridi,81,13,46,9.0,185.0,237.0,10,8.1,176.09,28.26,7.69,26.33,20.56,4.0,0.0
527,Shakib Al Hasan,795,94,665,63.0,1515.0,1864.0,71,11.2,119.55,14.14,7.38,29.59,24.05,13.0,0.0
528,Shashank Singh,69,9,47,0.0,13.0,20.0,6,11.5,146.81,19.15,9.23,200000.0,130000.0,3.0,0.0
529,Shivam Mavi,51,6,58,30.0,687.0,958.0,32,1.59,87.93,10.34,8.37,31.93,22.9,16.0,0.0
530,Shivam Sharma,5,1,3,4.0,114.0,165.0,5,1.0,166.67,33.33,8.68,41.25,28.5,1.0,0.0
531,Shoaib Ahmed,1,0,6,5.0,103.0,154.0,7,0.14,16.67,0.0,8.97,30.8,20.6,4.0,0.0
532,Shoaib Akhtar,2,0,8,5.0,46.0,54.0,3,0.67,25.0,0.0,7.04,10.8,9.2,0.0,0.0
533,Shoaib Malik,52,5,49,2.0,58.0,87.0,6,8.67,106.12,10.2,9.0,43.5,29.0,6.0,0.0
534,Shubman Gill,1900,235,1555,0.0,0.0,0.0,70,27.14,122.19,15.11,0.0,0.0,0.0,30.0,0.0
535,Simarjeet Singh,7,0,8,4.0,113.0,143.0,6,1.17,87.5,0.0,7.59,35.75,28.25,1.0,0.0
536,Sohail Tanvir,36,4,31,22.0,265.0,275.0,11,3.27,116.13,12.9,6.23,12.5,12.05,4.0,0.0
537,Sunny Gupta,0,0,1,0.0,19.0,47.0,1,0.0,0.0,0.0,14.84,470000.0,190000.0,0.0,0.0
538,Sunny Singh,43,7,31,0.0,0.0,0.0,5,8.6,138.71,22.58,0.0,0.0,0.0,1.0,0.0
539,Swapnil Singh,12,0,20,1.0,61.0,90.0,5,2.4,60.0,0.0,8.85,89.99,60.99,0.0,0.0
540,T Banton,18,2,22,0.0,0.0,0.0,2,9.0,81.82,9.09,0.0,0.0,0.0,0.0,0.0
541,T Henderson,11,1,16,1.0,36.0,41.0,2,5.5,68.75,6.25,6.83,41.0,36.0,0.0,0.0
542,T Kohli,11,1,20,0.0,0.0,0.0,3,3.67,55.0,5.0,0.0,0.0,0.0,5.0,0.0
543,T Natarajan,3,0,5,38.0,793.0,1116.0,35,0.09,60.0,0.0,8.44,29.37,20.87,3.0,0.0
544,T Shamsi,2,0,4,3.0,120.0,185.0,5,0.4,50.0,0.0,9.25,61.66,40.0,0.0,0.0
545,T Stubbs,2,0,4,0.0,0.0,0.0,2,1.0,50.0,0.0,0.0,0.0,0.0,0.0,0.0
546,T Taibu,31,3,26,0.0,0.0,0.0,3,10.33,119.23,11.54,0.0,0.0,0.0,1.0,0.0
547,T Thushara,12,0,19,8.0,144.0,164.0,6,2.0,63.16,0.0,6.83,20.5,18.0,3.0,0.0
548,TA Boult,53,4,49,92.0,1860.0,2522.0,78,0.68,108.16,8.16,8.14,27.41,20.22,24.0,0.0
549,TD Paine,10,0,29,0.0,0.0,0.0,2,5.0,34.48,0.0,0.0,0.0,0.0,0.0,0.0
550,TG Southee,120,12,108,45.0,1226.0,1695.0,52,2.31,111.11,11.11,8.3,37.67,27.24,21.0,0.0
551,TH David,187,28,94,0.0,0.0,0.0,9,20.78,198.94,29.79,0.0,0.0,0.0,6.0,0.0
552,TK Curran,127,13,108,13.0,252.0,432.0,13,9.77,117.59,12.04,10.29,33.23,19.38,2.0,0.0
553,TL Seifert,26,4,26,0.0,0.0,0.0,3,8.67,100.0,15.38,0.0,0.0,0.0,1.0,0.0
554,TL Suman,676,81,587,6.0,152.0,198.0,40,16.9,115.16,13.8,7.82,33.0,25.33,10.0,0.0
555,TM Dilshan,1153,164,1047,5.0,275.0,368.0,50,23.06,110.12,15.66,8.03,73.6,55.0,21.0,0.0
556,TM Head,205,20,151,2.0,48.0,81.0,10,20.5,135.76,13.25,10.12,40.5,24.0,3.0,0.0
557,TM Srivastava,8,0,11,0.0,0.0,0.0,3,2.67,72.73,0.0,0.0,0.0,0.0,2.0,0.0
558,TR Birt,75,11,59,0.0,0.0,0.0,5,15.0,127.12,18.64,0.0,0.0,0.0,0.0,0.0
559,TS Mills,8,1,14,11.0,218.0,349.0,10,0.8,57.14,7.14,9.61,31.73,19.82,1.0,0.0
560,TU Deshpande,21,3,12,4.0,153.0,260.0,7,3.0,175.0,25.0,10.2,65.0,38.25,2.0,0.0
561,Tilak Varma,397,45,313,0.0,12.0,13.0,14,28.36,126.84,14.38,6.5,130000.0,120000.0,10.0,0.0
562,U Kaul,0,0,1,0.0,0.0,0.0,1,0.0,0.0,0.0,0.0,0.0,0.0,2.0,0.0
563,UA Birla,7,1,15,0.0,0.0,0.0,1,7.0,46.67,6.67,0.0,0.0,0.0,1.0,0.0
564,UBT Chand,300,41,314,0.0,0.0,0.0,20,15.0,95.54,13.06,0.0,0.0,0.0,9.0,0.0
565,UT Khawaja,127,17,105,0.0,0.0,0.0,6,21.17,120.95,16.19,0.0,0.0,0.0,1.0,0.0
566,UT Yadav,177,23,176,135.0,2945.0,4041.0,132,1.34,100.57,13.07,8.23,29.93,21.81,32.0,0.0
567,Umar Gul,39,6,19,12.0,153.0,198.0,6,6.5,205.26,31.58,7.76,16.5,12.75,0.0,0.0
568,Umran Malik,4,0,8,24.0,388.0,551.0,17,0.24,50.0,0.0,8.52,22.96,16.17,3.0,0.0
569,V Kohli,6634,800,5266,4.0,264.0,371.0,216,30.71,125.98,15.19,8.43,92.75,66.0,93.0,0.0
570,V Pratap Singh,0,0,1,10.0,211.0,300.0,9,0.0,0.0,0.0,8.53,30.0,21.1,0.0,0.0
571,V Sehwag,2728,440,1833,6.0,138.0,236.0,104,26.23,148.83,24.0,10.26,39.33,23.0,34.0,0.0
572,V Shankar,731,74,616,9.0,258.0,344.0,47,15.55,118.67,12.01,8.0,38.22,28.67,27.0,0.0
573,VG Arora,5,0,14,3.0,110.0,165.0,5,1.0,35.71,0.0,9.0,55.0,36.67,1.0,0.0
574,VH Zol,29,4,26,0.0,0.0,0.0,2,14.5,111.54,15.38,0.0,0.0,0.0,0.0,0.0
575,VR Aaron,50,4,73,44.0,1065.0,1527.0,50,1.0,68.49,5.48,8.6,34.7,24.2,3.0,0.0
576,VR Iyer,552,75,474,3.0,78.0,117.0,22,25.09,116.46,15.82,9.0,39.0,26.0,11.0,0.0
577,VRV Singh,4,1,3,12.0,371.0,549.0,18,0.22,133.33,33.33,8.88,45.75,30.92,3.0,0.0
578,VS Malik,7,1,7,6.0,212.0,268.0,13,0.54,100.0,14.29,7.58,44.67,35.33,2.0,0.0
579,VS Yeligati,2,0,2,0.0,32.0,61.0,2,1.0,100.0,0.0,11.44,610000.0,320000.0,0.0,0.0
580,VVS Laxman,282,38,271,0.0,0.0,0.0,20,14.1,104.06,14.02,0.0,0.0,0.0,4.0,0.0
581,VY Mahesh,15,0,28,21.0,359.0,511.0,17,0.88,53.57,0.0,8.54,24.33,17.1,6.0,0.0
582,Virat Singh,15,1,26,0.0,0.0,0.0,2,7.5,57.69,3.85,0.0,0.0,0.0,2.0,0.0
583,Vishnu Vinod,19,2,26,0.0,0.0,0.0,3,6.33,73.08,7.69,0.0,0.0,0.0,0.0,2.0
584,W Jaffer,130,17,129,0.0,0.0,0.0,8,16.25,100.78,13.18,0.0,0.0,0.0,4.0,0.0
585,WA Mota,56,2,76,4.0,75.0,98.0,10,5.6,73.68,2.63,7.84,24.5,18.75,5.0,0.0
586,WD Parnell,63,5,80,26.0,601.0,731.0,26,2.42,78.75,6.25,7.3,28.12,23.12,6.0,0.0
587,WP Saha,2427,307,1951,0.0,0.0,0.0,117,20.74,124.4,15.74,0.0,0.0,0.0,79.0,22.0
588,WPUJC Vaas,81,5,73,18.0,288.0,364.0,13,6.23,110.96,6.85,7.58,20.22,16.0,0.0,0.0
589,Washington Sundar,318,35,278,33.0,928.0,1116.0,50,6.36,114.39,12.59,7.22,33.82,28.12,9.0,0.0
590,X Thalaivan Sargunam,10,0,17,0.0,0.0,0.0,1,10.0,58.82,0.0,0.0,0.0,0.0,0.0,0.0
591,Y Gnaneswara Rao,19,3,18,0.0,6.0,7.0,2,9.5,105.56,16.67,7.0,70000.0,60000.0,2.0,0.0
592,Y Nagar,285,29,271,4.0,72.0,125.0,20,14.25,105.17,10.7,10.42,31.25,18.0,7.0,0.0
593,Y Prithvi Raj,0,0,1,1.0,33.0,57.0,2,0.0,0.0,0.0,10.36,56.99,33.0,0.0,0.0
594,Y Venugopal Rao,985,114,865,6.0,222.0,338.0,57,17.28,113.87,13.18,9.14,56.33,37.0,13.0,0.0
595,YA Abdulla,0,0,1,15.0,222.0,311.0,11,0.0,0.0,0.0,8.41,20.73,14.8,0.0,0.0
596,YBK Jaiswal,547,84,410,0.0,1.0,6.0,23,23.78,133.41,20.49,36.0,60000.0,10000.0,6.0,0.0
597,YK Pathan,3222,424,2334,42.0,1184.0,1443.0,161,20.01,138.05,18.17,7.31,34.36,28.19,41.0,0.0
598,YS Chahal,37,0,89,166.0,2940.0,3699.0,130,0.28,41.57,0.0,7.55,22.28,17.71,21.0,0.0
599,YV Takawale,192,29,183,0.0,0.0,0.0,10,19.2,104.92,15.85,0.0,0.0,0.0,13.0,4.0
600,Yash Dayal,0,0,1,11.0,205.0,296.0,9,0.0,0.0,0.0,8.66,26.91,18.64,1.0,0.0
601,Yashpal Singh,47,5,67,0.0,0.0,0.0,4,11.75,70.15,7.46,0.0,0.0,0.0,3.0,0.0
602,Younis Khan,3,0,7,0.0,0.0,0.0,1,3.0,42.86,0.0,0.0,0.0,0.0,1.0,0.0
603,Yuvraj Singh,2754,367,2207,36.0,882.0,1091.0,129,21.35,124.78,16.63,7.42,30.31,24.5,29.0,0.0
604,Z Khan,117,13,141,102.0,2276.0,2860.0,99,1.18,82.98,9.22,7.54,28.04,22.31,20.0,0.0
